ACCEPT,Passed test 2
ACCEPT,Passed test 2
ACCEPT,Passed test 2
ACCEPT,Passed test 2
ACCEPT,Passed test 2
ACCEPT,Passed test 2
ACCEPT,Passed test 2
ACCEPT,Passed test 2
ACCEPT,Passed test 2
ACCEPT,Passed test 2
ACCEPT,Passed test 2
ACCEPT,Passed test 2
ACCEPT,Passed test 2
ACCEPT,Passed test 2
ACCEPT,Passed test 2
ACCEPT,Passed test 2
ACCEPT,Passed test 2
ACCEPT,Passed test 2
ACCEPT,Passed test 2
ACCEPT,Passed test 2
ACCEPT,Passed test 2
ACCEPT,Passed test 2
ACCEPT,Passed test 2
ACCEPT,Passed test 2
ACCEPT,Passed test 2
ACCEPT,Passed test 2
ACCEPT,Passed test 2
ACCEPT,Passed test 2
ACCEPT,Passed test 2
ACCEPT,Passed test 2
ACCEPT,Passed test 2
ACCEPT,Passed test 2
ACCEPT,Passed test 2
ACCEPT,Passed test 2
ACCEPT,Passed test 2
ACCEPT,Passed test 2
ACCEPT,Passed test 2
ACCEPT,Passed test 2
ACCEPT,Passed test 2
ACCEPT,Passed test 2
ACCEPT,Passed test 2
