ACCEPT,Passed test 4
ACCEPT,Passed test 4
ACCEPT,Passed test 4
ACCEPT,Passed test 4
ACCEPT,Passed test 4
ACCEPT,Passed test 4
ACCEPT,Passed test 4
ACCEPT,Passed test 4
ACCEPT,Passed test 4
ACCEPT,Passed test 4
ACCEPT,Passed test 4
ACCEPT,Passed test 4
ACCEPT,Passed test 4
ACCEPT,Passed test 4
ACCEPT,Passed test 4
ACCEPT,Passed test 4
ACCEPT,Passed test 4
ACCEPT,Passed test 4
ACCEPT,Passed test 4
ACCEPT,Passed test 4
ACCEPT,Passed test 4
ACCEPT,Passed test 4
ACCEPT,Passed test 4
ACCEPT,Passed test 4
ACCEPT,Passed test 4
ACCEPT,Passed test 4
ACCEPT,Passed test 4
ACCEPT,Passed test 4
